{
	"temp": 7.96910569105691,
	"cbr": 8.033333333333333,
	"ent": 13.66178861788618,
	"hir": 11.995121951219513,
	"mp": 9.713821138211381,
	"imp_players-num_ftrs-cosine_sim-long_reuse": 15.513008130081301,
	"imp_players-set_ftrs-cosine_sim-long_reuse": 14.858536585365854,
	"imp_players-text_ftrs-cosine_sim-long_reuse": 14.674796747967479,
	"imp_players-num_ftrs-cosine_sim-median_reuse": 13.609756097560975,
	"imp_players-set_ftrs-cosine_sim-median_reuse": 12.479674796747968,
	"imp_players-text_ftrs-cosine_sim-median_reuse": 11.695121951219512,
	"imp_players-num_ftrs-cosine_sim-first_reuse": 13.56178861788618,
	"imp_players-set_ftrs-cosine_sim-first_reuse": 12.414634146341463,
	"imp_players-text_ftrs-cosine_sim-first_reuse": 12.15691056910569,
	"imp_players-num_ftrs-euclidean_sim-long_reuse": 15.424390243902439,
	"imp_players-set_ftrs-euclidean_sim-long_reuse": 14.957723577235772,
	"imp_players-text_ftrs-euclidean_sim-long_reuse": 14.669105691056911,
	"imp_players-num_ftrs-euclidean_sim-median_reuse": 13.61869918699187,
	"imp_players-set_ftrs-euclidean_sim-median_reuse": 13.230081300813008,
	"imp_players-text_ftrs-euclidean_sim-median_reuse": 11.690243902439024,
	"imp_players-num_ftrs-euclidean_sim-first_reuse": 13.442276422764227,
	"imp_players-set_ftrs-euclidean_sim-first_reuse": 13.040650406504065,
	"imp_players-text_ftrs-euclidean_sim-first_reuse": 12.11951219512195,
	"all_players-num_ftrs-cosine_sim-long_reuse": 14.586178861788618,
	"all_players-num_ftrs-cosine_sim-median_reuse": 11.483739837398375,
	"all_players-num_ftrs-cosine_sim-first_reuse": 12.260975609756098,
	"all_players-num_ftrs-euclidean_sim-long_reuse": 14.450406504065041,
	"all_players-num_ftrs-euclidean_sim-median_reuse": 11.377235772357723,
	"all_players-num_ftrs-euclidean_sim-first_reuse": 11.819512195121952,
	"imp_players-num_ftrs-cosine_sim-long_reuse-pop": 15.104878048780488,
	"imp_players-set_ftrs-cosine_sim-long_reuse-pop": 15.021138211382114,
	"imp_players-text_ftrs-cosine_sim-long_reuse-pop": 14.674796747967479,
	"imp_players-num_ftrs-cosine_sim-median_reuse-pop": 13.382926829268293,
	"imp_players-set_ftrs-cosine_sim-median_reuse-pop": 12.765040650406505,
	"imp_players-text_ftrs-cosine_sim-median_reuse-pop": 11.695121951219512,
	"imp_players-num_ftrs-cosine_sim-first_reuse-pop": 13.339837398373984,
	"imp_players-set_ftrs-cosine_sim-first_reuse-pop": 12.986178861788618,
	"imp_players-text_ftrs-cosine_sim-first_reuse-pop": 12.15691056910569,
	"imp_players-num_ftrs-euclidean_sim-long_reuse-pop": 15.136585365853659,
	"imp_players-set_ftrs-euclidean_sim-long_reuse-pop": 15.640650406504065,
	"imp_players-text_ftrs-euclidean_sim-long_reuse-pop": 14.669105691056911,
	"imp_players-num_ftrs-euclidean_sim-median_reuse-pop": 13.25609756097561,
	"imp_players-set_ftrs-euclidean_sim-median_reuse-pop": 13.959349593495935,
	"imp_players-text_ftrs-euclidean_sim-median_reuse-pop": 11.690243902439024,
	"imp_players-num_ftrs-euclidean_sim-first_reuse-pop": 13.226016260162602,
	"imp_players-set_ftrs-euclidean_sim-first_reuse-pop": 13.673170731707318,
	"imp_players-text_ftrs-euclidean_sim-first_reuse-pop": 12.11951219512195,
	"gold": 12.767479674796748
}