{
	"first": 12.06178861788618,
	"mean": 12.309756097560976,
	"median": 11.553658536585365,
	"new_sys": 14.547967479674798,
	"cbr": 8.033333333333333,
	"temp": 7.96910569105691,
	"mp": 9.713821138211381,
	"ent": 13.66178861788618,
	"hir": 11.995121951219513,
	"imp_player_new_sys": 15.424390243902439,
	"imp_player_median": 13.61869918699187,
	"gold": 12.551219512195122
}