{
	"temp": 7.96910569105691,
	"cbr": 8.033333333333333,
	"mp": 9.713821138211381,
	"ent": 13.66178861788618,
	"hir": 11.995121951219513,
	"first": 12.06178861788618,
	"median": 11.553658536585365,
	"new_sys": 14.548780487804878,
	"imp_player_new_sys": 15.424390243902439,
	"imp_player_median": 13.61869918699187,
	"imp_player_median_weighted": 10.952032520325202,
	"imp_player_new_sys_cosine": 15.513008130081301,
	"imp_player_new_sys_bert": 14.674796747967479,
	"imp_player_new_sys_set_ftrs": 14.939024390243903,
	"gold": 12.551219512195122
}