{
	"temp": 7.96910569105691,
	"cbr": 8.033333333333333,
	"ent": 13.66178861788618,
	"hir": 11.995121951219513,
	"mp": 9.713821138211381,
	"imp_players-num_ftrs-cosine_sim-long_reuse": 14.242276422764228,
	"imp_players-set_ftrs-cosine_sim-long_reuse": 14.366666666666667,
	"imp_players-text_ftrs-cosine_sim-long_reuse": 14.678048780487805,
	"imp_players-num_ftrs-cosine_sim-median_reuse": 11.354471544715446,
	"imp_players-set_ftrs-cosine_sim-median_reuse": 11.608130081300812,
	"imp_players-text_ftrs-cosine_sim-median_reuse": 11.698373983739838,
	"imp_players-num_ftrs-cosine_sim-first_reuse": 11.373983739837398,
	"imp_players-set_ftrs-cosine_sim-first_reuse": 11.728455284552846,
	"imp_players-text_ftrs-cosine_sim-first_reuse": 12.173983739837398,
	"imp_players-num_ftrs-euclidean_sim-long_reuse": 14.253658536585366,
	"imp_players-set_ftrs-euclidean_sim-long_reuse": 14.41869918699187,
	"imp_players-text_ftrs-euclidean_sim-long_reuse": 14.672357723577235,
	"imp_players-num_ftrs-euclidean_sim-median_reuse": 11.529268292682927,
	"imp_players-set_ftrs-euclidean_sim-median_reuse": 11.629268292682926,
	"imp_players-text_ftrs-euclidean_sim-median_reuse": 11.69349593495935,
	"imp_players-num_ftrs-euclidean_sim-first_reuse": 11.54390243902439,
	"imp_players-set_ftrs-euclidean_sim-first_reuse": 11.859349593495935,
	"imp_players-text_ftrs-euclidean_sim-first_reuse": 12.136585365853659,
	"all_players-num_ftrs-cosine_sim-long_reuse": 14.586178861788618,
	"all_players-num_ftrs-cosine_sim-median_reuse": 11.483739837398375,
	"all_players-num_ftrs-cosine_sim-first_reuse": 12.260975609756098,
	"all_players-num_ftrs-euclidean_sim-long_reuse": 14.450406504065041,
	"all_players-num_ftrs-euclidean_sim-median_reuse": 11.377235772357723,
	"all_players-num_ftrs-euclidean_sim-first_reuse": 11.819512195121952,
	"imp_players-num_ftrs-cosine_sim-long_reuse-pop": 14.669918699186992,
	"imp_players-set_ftrs-cosine_sim-long_reuse-pop": 14.542276422764228,
	"imp_players-text_ftrs-cosine_sim-long_reuse-pop": 14.678048780487805,
	"imp_players-num_ftrs-cosine_sim-median_reuse-pop": 12.428455284552845,
	"imp_players-set_ftrs-cosine_sim-median_reuse-pop": 11.865040650406504,
	"imp_players-text_ftrs-cosine_sim-median_reuse-pop": 11.698373983739838,
	"imp_players-num_ftrs-cosine_sim-first_reuse-pop": 12.622764227642277,
	"imp_players-set_ftrs-cosine_sim-first_reuse-pop": 11.826016260162602,
	"imp_players-text_ftrs-cosine_sim-first_reuse-pop": 12.173983739837398,
	"imp_players-num_ftrs-euclidean_sim-long_reuse-pop": 14.333333333333334,
	"imp_players-set_ftrs-euclidean_sim-long_reuse-pop": 14.160975609756097,
	"imp_players-text_ftrs-euclidean_sim-long_reuse-pop": 14.672357723577235,
	"imp_players-num_ftrs-euclidean_sim-median_reuse-pop": 12.18780487804878,
	"imp_players-set_ftrs-euclidean_sim-median_reuse-pop": 12.13089430894309,
	"imp_players-text_ftrs-euclidean_sim-median_reuse-pop": 11.69349593495935,
	"imp_players-num_ftrs-euclidean_sim-first_reuse-pop": 12.458536585365854,
	"imp_players-set_ftrs-euclidean_sim-first_reuse-pop": 12.316260162601626,
	"imp_players-text_ftrs-euclidean_sim-first_reuse-pop": 12.136585365853659,
	"gold": 12.767479674796748
}