{
	"imp_players-num_ftrs-cosine_sim-long_reuse-pop": 17.944444444444443,
	"imp_players-num_ftrs-cosine_sim-median_reuse-pop": 18.14814814814815,
	"imp_players-num_ftrs-cosine_sim-first_reuse-pop": 17.944444444444443,
	"gold": 18.37037037037037
}